id,name,required_level,item_level,quality,subclass,icon,use_description,reagents_summary,link
7068,Elemental Fire,1,25,Common,Elemental,spell_fire_fire,,1x Heart of Fire,https://www.wowhead.com/forever/item=7068/elemental-fire
7082,Essence of Air,1,55,Uncommon,Elemental,spell_nature_earthbind,,1x Essence of Water,https://www.wowhead.com/forever/item=7082/essence-of-air
7076,Essence of Earth,1,55,Uncommon,Elemental,spell_nature_strengthofearthtotem02,,1x Essence of Fire,https://www.wowhead.com/forever/item=7076/essence-of-earth
7078,Essence of Fire,1,55,Uncommon,Elemental,spell_fire_volcano,,1x Essence of Air,https://www.wowhead.com/forever/item=7078/essence-of-fire
12808,Essence of Undeath,1,55,Uncommon,Elemental,spell_shadow_shadetruesight,,1x Essence of Water,https://www.wowhead.com/forever/item=12808/essence-of-undeath
7080,Essence of Water,1,55,Uncommon,Elemental,spell_nature_acid_01,,1x Essence of Earth,https://www.wowhead.com/forever/item=7080/essence-of-water
12803,Living Essence,1,55,Uncommon,Elemental,spell_nature_abolishmagic,,1x Essence of Earth,https://www.wowhead.com/forever/item=12803/living-essence
5997,Elixir of Minor Defense,1,5,Common,Elixirs,inv_potion_63,Use: Increases armor by 50 for 1 hour. (3 Sec Cooldown),"1x Silverleaf, 1x Peacebloom, 1x Empty Vial",https://www.wowhead.com/forever/item=5997/elixir-of-minor-defense
247755,Elixir of Minor Force,1,5,Common,Elixirs,inv_potion_77,Use: Increases Physical damage by 1 for 30 min. (3 Sec Cooldown),"1x Silverleaf, 1x Empty Vial",https://www.wowhead.com/forever/item=247755/elixir-of-minor-force
247754,Minor Arcane Elixir,1,5,Common,Elixirs,inv_potion_106,Use: Increases spell damage by up to 5 for 30 min. (3 Sec Cooldown),"1x Peacebloom, 1x Empty Vial",https://www.wowhead.com/forever/item=247754/minor-arcane-elixir
2457,Elixir of Minor Agility,2,12,Common,Elixirs,inv_potion_91,Use: Increases Agility by 4 for 1 hour. (3 Sec Cooldown),"1x Swiftthistle, 1x Silverleaf, 1x Empty Vial",https://www.wowhead.com/forever/item=2457/elixir-of-minor-agility
2458,Elixir of Minor Fortitude,2,12,Common,Elixirs,inv_potion_42,Use: Increases the player's maximum health by 27 for 1 hour. (3 Sec Cooldown),"2x Earthroot, 1x Peacebloom, 1x Empty Vial",https://www.wowhead.com/forever/item=2458/elixir-of-minor-fortitude
2454,Elixir of Minor Strength,3,5,Common,Elixirs,inv_potion_56,Use: Increases Strength by 4 for 1 hour. (3 Sec Cooldown),"1x Earthroot, 1x Silverleaf, 1x Empty Vial",https://www.wowhead.com/forever/item=2454/elixir-of-minor-strength
250344,Elixir of Minor Spirit,5,5,Common,Elixirs,inv_potion_113,Use: Drink to increase your Spirit by 3. Lasts for 30 min. (3 Sec Cooldown),"2x Earthroot, 1x Peacebloom, 1x Empty Vial",https://www.wowhead.com/forever/item=250344/elixir-of-minor-spirit
250330,Minor Cleric's Elixir,5,5,Common,Elixirs,trade_alchemy_dpotion_a17,Use: Drink to increase healing done by spells and effects by up to 10. Lasts 30 min. (3 Sec Cooldown),"2x Mageroyal, 1x Bruiseweed, 1x Empty Vial",https://www.wowhead.com/forever/item=250330/minor-clerics-elixir
250339,Minor Mageblood Elixir,5,5,Common,Elixirs,trade_alchemy_dpotion_a12,Use: Drink to regenerate 3 mana every 5 seconds. Lasts for 30 min. (3 Sec Cooldown),"2x Mageroyal, 1x Empty Vial",https://www.wowhead.com/forever/item=250339/minor-mageblood-elixir
3382,Minor Troll's Blood Elixir,6,8,Common,Elixirs,inv_potion_78,Use: Regenerate 2 health every 5 sec for 1 hour. (3 Sec Cooldown),"1x Peacebloom, 2x Earthroot, 1x Empty Vial",https://www.wowhead.com/forever/item=3382/minor-trolls-blood-elixir
5996,Draught of Water Breathing,8,18,Common,Elixirs,inv_potion_17,Use: Allows the Imbiber to breathe water for 30 min. (3 Sec Cooldown),"1x Stranglekelp, 2x Blackmouth Oil, 1x Empty Vial",https://www.wowhead.com/forever/item=5996/draught-of-water-breathing
6662,Elixir of Giant Growth,8,18,Common,Elixirs,inv_potion_10,Use: Your size is increased and your Strength goes up by 8 to match your new size.  Lasts 2 min. (3 Sec Cooldown),"1x Deviate Fish, 1x Earthroot, 1x Empty Vial",https://www.wowhead.com/forever/item=6662/elixir-of-giant-growth
3383,Elixir of Wisdom,10,20,Common,Elixirs,inv_potion_06,Use: Increases Intellect by 6 for 1 hour. (3 Sec Cooldown),"1x Mageroyal, 2x Briarthorn, 1x Empty Vial",https://www.wowhead.com/forever/item=3383/elixir-of-wisdom
3388,Lesser Troll's Blood Elixir,15,25,Common,Elixirs,inv_potion_79,Use: Regenerate 6 health every 5 sec for 1 hour. (3 Sec Cooldown),"2x Bruiseweed, 2x Briarthorn, 1x Leaded Vial",https://www.wowhead.com/forever/item=3388/lesser-trolls-blood-elixir
3389,Elixir of Lesser Defense,16,26,Common,Elixirs,inv_potion_64,Use: Increases armor by 150 for 1 hour. (3 Sec Cooldown),"1x Wild Steelbloom, 1x Stranglekelp, 1x Leaded Vial",https://www.wowhead.com/forever/item=3389/elixir-of-lesser-defense
6373,Elixir of Fire Power,18,28,Common,Elixirs,inv_potion_55,Use: Increases spell fire damage by up to 10 for 30 min. (3 Sec Cooldown),"2x Fire Oil, 1x Kingsblood, 1x Leaded Vial",https://www.wowhead.com/forever/item=6373/elixir-of-fire-power
3390,Elixir of Lesser Agility,18,28,Common,Elixirs,inv_potion_92,Use: Increases Agility by 8 for 1 hour. (3 Sec Cooldown),"1x Wild Steelbloom, 1x Swiftthistle, 1x Leaded Vial",https://www.wowhead.com/forever/item=3390/elixir-of-lesser-agility
3391,Elixir of Ogre Strength,20,30,Common,Elixirs,inv_potion_57,Use: Increases Strength by 8 for 1 hour. (3 Sec Cooldown),"1x Earthroot, 1x Kingsblood, 1x Leaded Vial",https://www.wowhead.com/forever/item=3391/elixir-of-ogre-strength
3825,Elixir of Lesser Fortitude,25,35,Common,Elixirs,inv_potion_43,Use: Increases the player's maximum health by 120 for 1 hour. (3 Sec Cooldown),"1x Wild Steelbloom, 1x Goldthorn, 1x Leaded Vial",https://www.wowhead.com/forever/item=3825/elixir-of-lesser-fortitude
250353,Elixir of Lesser Intellect,25,25,Common,Elixirs,inv_potion_43,Use: Drink to increase your Intellect by 6. Lasts for 30 min. (3 Sec Cooldown),"3x Kingsblood, 1x Leaded Vial",https://www.wowhead.com/forever/item=250353/elixir-of-lesser-intellect
250345,Elixir of Lesser Spirit,25,25,Common,Elixirs,inv_potion_114,Use: Drink to increase your Spirit by 6. Lasts for 30 min. (3 Sec Cooldown),"2x Wild Steelbloom, 1x Mageroyal, 1x Empty Vial",https://www.wowhead.com/forever/item=250345/elixir-of-lesser-spirit
250342,Lesser Arcane Elixir,25,25,Common,Elixirs,inv_potion_107,Use: Drink to increase spell damage by up to 15. Lasts for 30 min. (3 Sec Cooldown),"4x Kingsblood, 1x Leaded Vial",https://www.wowhead.com/forever/item=250342/lesser-arcane-elixir
250331,Lesser Cleric's Elixir,25,25,Common,Elixirs,inv_potion_128,Use: Drink to increase healing done by spells and effects by up to 20. Lasts 30 min. (3 Sec Cooldown),"2x Kingsblood, 2x Liferoot, 1x Leaded Vial",https://www.wowhead.com/forever/item=250331/lesser-clerics-elixir
250340,Lesser Mageblood Elixir,25,25,Common,Elixirs,inv_potion_126,Use: Drink to regenerate 6 mana every 5 seconds. Lasts for 30 min. (3 Sec Cooldown),"3x Kingsblood, 1x Empty Vial",https://www.wowhead.com/forever/item=250340/lesser-mageblood-elixir
3826,Troll's Blood Elixir,26,36,Common,Elixirs,inv_potion_80,Use: Regenerate 12 health every 5 sec for 1 hour. (3 Sec Cooldown),"1x Liferoot, 1x Bruiseweed, 1x Leaded Vial",https://www.wowhead.com/forever/item=3826/trolls-blood-elixir
8949,Elixir of Agility,27,37,Common,Elixirs,inv_potion_93,Use: Increases Agility by 15 for 1 hour. (3 Sec Cooldown),"1x Stranglekelp, 1x Goldthorn, 1x Leaded Vial",https://www.wowhead.com/forever/item=8949/elixir-of-agility
17708,Elixir of Frost Power,28,38,Common,Elixirs,inv_potion_76,Use: Increases spell frost damage by up to 15 for 30 min. (3 Sec Cooldown),"2x Wintersbite, 1x Khadgar's Whisker, 1x Leaded Vial",https://www.wowhead.com/forever/item=17708/elixir-of-frost-power
217398,Lesser Arcane Elixir,28,38,Common,Elixirs,inv_potion_108,Use: Increases spell damage by up to 14 for 30 min. (3 Sec Cooldown),"1x Kingsblood, 1x Goldthorn, 1x Crystal Vial",https://www.wowhead.com/forever/item=217398/lesser-arcane-elixir
3828,Draught of Detect Lesser Invisibility,29,39,Common,Elixirs,inv_potion_01,Use: Grants detect lesser invisibility for 10 min. (3 Sec Cooldown),"1x Khadgar's Whisker, 1x Fadeleaf, 1x Leaded Vial",https://www.wowhead.com/forever/item=3828/draught-of-detect-lesser-invisibility
8951,Elixir of Defense,29,39,Common,Elixirs,inv_potion_65,Use: Increases armor by 250 for 1 hour. (3 Sec Cooldown),"1x Wild Steelbloom, 1x Goldthorn, 1x Leaded Vial",https://www.wowhead.com/forever/item=8951/elixir-of-defense
10592,Catseye Draught,30,40,Common,Elixirs,inv_potion_36,Use: Slightly increases your stealth detection for 10 min. (3 Sec Cooldown),"1x Goldthorn, 1x Fadeleaf, 1x Leaded Vial",https://www.wowhead.com/forever/item=10592/catseye-draught
18294,Draught of Greater Water Breathing,35,45,Common,Elixirs,inv_potion_05,Use: Allows the Imbiber to breathe water for 1 hour. (3 Sec Cooldown),"1x Ichor of Undeath, 2x Purple Lotus, 1x Crystal Vial",https://www.wowhead.com/forever/item=18294/draught-of-greater-water-breathing
9154,Draught of Detect Undead,36,46,Common,Elixirs,inv_potion_53,Use: Shows the location of all nearby undead on the minimap for 1 hour. (3 Sec Cooldown),"1x Arthas' Tears, 1x Crystal Vial",https://www.wowhead.com/forever/item=9154/draught-of-detect-undead
9155,Arcane Elixir,37,47,Common,Elixirs,inv_potion_30,Use: Increases spell damage by up to 20 for 30 min. (3 Sec Cooldown),"1x Blindweed, 1x Goldthorn, 1x Crystal Vial",https://www.wowhead.com/forever/item=9155/arcane-elixir
9179,Elixir of Greater Intellect,37,47,Common,Elixirs,inv_potion_10,Use: Increases Intellect by 25 for 1 hour. (3 Sec Cooldown),"1x Blindweed, 1x Khadgar's Whisker, 1x Crystal Vial",https://www.wowhead.com/forever/item=9179/elixir-of-greater-intellect
9197,Draught of Dream Vision,38,48,Common,Elixirs,inv_potion_14,Use: Gives you a dream vision that lets you explore areas that are too dangerous to explore in person. (3 Sec Cooldown),"3x Purple Lotus, 1x Crystal Vial",https://www.wowhead.com/forever/item=9197/draught-of-dream-vision
9187,Elixir of Greater Agility,38,48,Common,Elixirs,inv_potion_94,Use: Increases Agility by 25 for 1 hour. (3 Sec Cooldown),"1x Sungrass, 1x Goldthorn, 1x Crystal Vial",https://www.wowhead.com/forever/item=9187/elixir-of-greater-agility
13447,Elixir of the Sages,38,44,Common,Elixirs,inv_potion_29,Use: Increases Intellect and Spirit by 18 for 1 hour. (3 Sec Cooldown),"1x Dreamfoil, 2x Plaguebloom, 1x Crystal Vial",https://www.wowhead.com/forever/item=13447/elixir-of-the-sages
9088,Gift of Arthas,38,48,Common,Elixirs,inv_potion_28,"Use: Increases resistance to shadow by 10.  If an enemy strikes the imbiber, the attacker has a 30% chance of being inflicted with disease that increases their damage taken by 8 for 3 min.  Lasts for 30 min. (Proc chance: 30%) (3 Sec Cooldown)","1x Arthas' Tears, 1x Blindweed, 1x Crystal Vial",https://www.wowhead.com/forever/item=9088/gift-of-arthas
9233,Draught of Detect Demon,40,50,Common,Elixirs,inv_potion_53,Use: Shows the location of all nearby demons on the minimap for 1 hour. (3 Sec Cooldown),"2x Gromsblood, 1x Crystal Vial",https://www.wowhead.com/forever/item=9233/draught-of-detect-demon
21546,Elixir of Holy Power,40,50,Common,Elixirs,inv_potion_62,Use: Increases spell Holy damage by up to 40 for 30 min. (3 Sec Cooldown),"3x Fire Oil, 3x Firebloom, 1x Crystal Vial",https://www.wowhead.com/forever/item=21546/elixir-of-holy-power
9264,Elixir of Shadow Power,40,50,Common,Elixirs,inv_potion_48,Use: Increases spell shadow damage by up to 40 for 30 min. (3 Sec Cooldown),"3x Ghost Mushroom, 1x Crystal Vial",https://www.wowhead.com/forever/item=9264/elixir-of-shadow-power
20007,Mageblood Elixir,40,50,Common,Elixirs,inv_potion_137,Use: Regenerate 12 mana per 5 sec for 1 hour. (3 Sec Cooldown),"1x Dreamfoil, 2x Plaguebloom, 1x Crystal Vial",https://www.wowhead.com/forever/item=20007/mageblood-elixir
9224,Potion of Demonslaying,40,50,Common,Elixirs,inv_potion_27,Use: Increases Spell Damage by 108 and Attack Power by 185 against Demons.  Lasts 2 min.,"1x Gromsblood, 1x Ghost Mushroom, 1x Crystal Vial",https://www.wowhead.com/forever/item=9224/potion-of-demonslaying
13445,Elixir of Greater Defense,43,53,Common,Elixirs,inv_potion_66,Use: Increases armor by 450 for 1 hour. (3 Sec Cooldown),"2x Stonescale Oil, 1x Sungrass, 1x Crystal Vial",https://www.wowhead.com/forever/item=13445/elixir-of-greater-defense
250332,Cleric's Elixir,45,45,Common,Elixirs,inv_potion_139,Use: Drink to increase healing done by spells and effects by up to 30. Lasts 30 min. (3 Sec Cooldown),"2x Wintersbite, 2x Firebloom, 1x Leaded Vial",https://www.wowhead.com/forever/item=250332/clerics-elixir
246948,Distilled Firewater,45,45,Common,Elixirs,inv_potion_92,Use: Increases your melee attack power by 35 and size for 20 min. (1 Min Cooldown),"4x Wintersbite, 2x Gromsblood, 1x Leaded Vial",https://www.wowhead.com/forever/item=246948/distilled-firewater
250327,Draught of Predatory Senses,45,45,Common,Elixirs,trade_alchemy_dpotion_d12,Use: Drink to significantly increase your stealth detection while you are not moving. Nearby stealthed enemies may reveal a heat trail when they move. Lasts for 30 min.,"2x Fadeleaf, 2x Goldthorn, 1x Leaded Vial",https://www.wowhead.com/forever/item=250327/draught-of-predatory-senses
13453,Elixir of Brute Force,45,55,Common,Elixirs,inv_potion_40,Use: Increases Strength and Stamina by 18 for 1 hour. (3 Sec Cooldown),"2x Gromsblood, 2x Plaguebloom, 1x Crystal Vial",https://www.wowhead.com/forever/item=13453/elixir-of-brute-force
250334,Elixir of Fortitude,45,45,Common,Elixirs,inv_potion_44,Use: Drink to increase your maximum health by 200. Lasts for 30 min. (3 Sec Cooldown),"4x Goldthorn, 1x Leaded Vial",https://www.wowhead.com/forever/item=250334/elixir-of-fortitude
250354,Elixir of Intellect,45,45,Common,Elixirs,inv_potion_44,Use: Drink to increase your Intellect by 10. Lasts for 30 min. (3 Sec Cooldown),"3x Khadgar's Whisker, 1x Leaded Vial",https://www.wowhead.com/forever/item=250354/elixir-of-intellect
250346,Elixir of Spirit,45,45,Common,Elixirs,inv_potion_115,Use: Drink to increase your Spirit by 10. Lasts for 30 min. (3 Sec Cooldown),"3x Khadgar's Whisker, 1x Kingsblood, 1x Leaded Vial",https://www.wowhead.com/forever/item=250346/elixir-of-spirit
250349,Elixir of Strength,45,45,Common,Elixirs,inv_potion_58,Use: Drink to increase your Strength by 10. Lasts for 30 min. (3 Sec Cooldown),"3x Wild Steelbloom, 1x Goldthorn, 1x Leaded Vial",https://www.wowhead.com/forever/item=250349/elixir-of-strength
13452,Elixir of the Mongoose,46,56,Common,Elixirs,inv_potion_32,Use: Increases Agility by 25 and chance to get a critical hit by 2%. Lasts for 30 min. (3 Sec Cooldown),"2x Mountain Silversage, 2x Plaguebloom, 1x Crystal Vial",https://www.wowhead.com/forever/item=13452/elixir-of-the-mongoose
13454,Greater Arcane Elixir,47,57,Common,Elixirs,inv_potion_109,Use: Increases spell damage by up to 35 for 1 hour. (3 Sec Cooldown),"3x Dreamfoil, 1x Mountain Silversage, 1x Crystal Vial",https://www.wowhead.com/forever/item=13454/greater-arcane-elixir
9206,Elixir of Greater Strength,48,48,Common,Elixirs,inv_potion_59,Use: Increases your Strength by 25 for 1 hour. (3 Sec Cooldown),"1x Sungrass, 1x Gromsblood, 1x Crystal Vial",https://www.wowhead.com/forever/item=9206/elixir-of-greater-strength
20004,Major Troll's Blood Elixir,53,58,Common,Elixirs,inv_potion_82,Use: Regenerate 20 health every 5 sec for 1 hour. (3 Sec Cooldown),"1x Gromsblood, 2x Plaguebloom, 1x Crystal Vial",https://www.wowhead.com/forever/item=20004/major-trolls-blood-elixir
250328,Elixir of Cunning,55,55,Common,Elixirs,inv_potion_166,Use: Drink to gain 25 Agility and Intellect for 30 min. Lasts for 30 min. (3 Sec Cooldown),"3x Dreamfoil, 2x Gromsblood, 1x Crystal Vial",https://www.wowhead.com/forever/item=250328/elixir-of-cunning
250350,Elixir of Ferocity,55,55,Common,Elixirs,inv_potion_161,Use: Drink to increase your Strength and Agility by 18. Lasts for 30 min. (3 Sec Cooldown),"3x Gromsblood, 1x Ghost Mushroom, 1x Crystal Vial",https://www.wowhead.com/forever/item=250350/elixir-of-ferocity
250335,Elixir of Greater Fortitude,55,55,Common,Elixirs,inv_potion_45,Use: Drink to increase your maximum health by 400. Lasts for 30 min. (3 Sec Cooldown),"4x Sungrass, 1x Crystal Vial",https://www.wowhead.com/forever/item=250335/elixir-of-greater-fortitude
250347,Elixir of Greater Spirit,55,55,Common,Elixirs,inv_potion_116,Use: Drink to increase your Spirit by 18. Lasts for 30 min. (3 Sec Cooldown),"3x Arthas' Tears, 2x Purple Lotus, 1x Crystal Vial",https://www.wowhead.com/forever/item=250347/elixir-of-greater-spirit
250343,Elixir of Nature Power,55,55,Common,Elixirs,inv_potion_97,Use: Drink to increase nature spell damage by up to 40. Lasts for 30 min. (3 Sec Cooldown),"4x Golden Sansam, 2x Sungrass, 1x Crystal Vial",https://www.wowhead.com/forever/item=250343/elixir-of-nature-power
250338,Elixir of Sages,55,55,Common,Elixirs,inv_potion_165,Use: Drink to increase your Spirit by 25 and chance to critically hit by 2%. Lasts for 30 min. (3 Sec Cooldown),"4x Dreamfoil, 2x Golden Sansam, 1x Imbued Vial",https://www.wowhead.com/forever/item=250338/elixir-of-sages
250336,Elixir of Wicked Regeneration,55,55,Common,Elixirs,trade_alchemy_dpotion_a22,Use: Drink to restore 9 health and 10 mana every 5 sec. Lasts for 30 min. (3 Sec Cooldown),"3x Golden Sansam, 2x Dreamfoil, 1x Crystal Vial",https://www.wowhead.com/forever/item=250336/elixir-of-wicked-regeneration
250351,Elixir of the Grizzly,55,55,Common,Elixirs,inv_potion_160,Use: Drink to increase your Strength by 25 and chance to critically hit by 2%. Lasts for 30 min. (3 Sec Cooldown),"3x Gromsblood, 1x Blindweed, 1x Crystal Vial",https://www.wowhead.com/forever/item=250351/elixir-of-the-grizzly
250337,Elixir of the Owl,55,55,Common,Elixirs,inv_potion_164,Use: Drink to increase your Intellect by 25 and chance to critically hit by 2%. Lasts for 30 min. (3 Sec Cooldown),"4x Dreamfoil, 2x Mountain Silversage, 1x Imbued Vial",https://www.wowhead.com/forever/item=250337/elixir-of-the-owl
250329,Elixir of the Phalanx,55,55,Common,Elixirs,trade_alchemy_dpotion_a25,Use: Drink to gain 400 maximum health and 500 armor for 30 min. Lasts for 30 min. (3 Sec Cooldown),"2x Golden Sansam, 4x Sungrass, 1x Crystal Vial",https://www.wowhead.com/forever/item=250329/elixir-of-the-phalanx
250348,Elixir of the Whale,55,55,Common,Elixirs,inv_potion_163,Use: Drink to increase your Spirit by 25 and chance to critically hit by 2%. Lasts for 30 min. (3 Sec Cooldown),"3x Dreamfoil, 1x Gromsblood, 1x Crystal Vial",https://www.wowhead.com/forever/item=250348/elixir-of-the-whale
250333,Greater Cleric's Elixir,55,55,Common,Elixirs,inv_potion_150,Use: Drink to increase healing done by spells and effects by up to 40. Lasts 30 min. (3 Sec Cooldown),"3x Arthas' Tears, 1x Purple Lotus, 1x Crystal Vial",https://www.wowhead.com/forever/item=250333/greater-clerics-elixir
250341,Greater Mageblood Elixir,55,55,Common,Elixirs,inv_potion_168,Use: Drink to regenerate 20 mana every 5 seconds. Lasts for 30 min. (3 Sec Cooldown),"3x Blindweed, 2x Arthas' Tears, 1x Crystal Vial",https://www.wowhead.com/forever/item=250341/greater-mageblood-elixir
13513,Flask of Chromatic Resistance,50,60,Common,Flasks,inv_potion_48,Use: Increases your resistance to all schools of magic by 25 for 2 hrs. You can only have the effect of one flask at a time. This effect persists through death and stacks with all other resistance spells and items. (3 Sec Cooldown),"30x Icecap, 10x Mountain Silversage, 1x Black Lotus, 1x Crystal Vial",https://www.wowhead.com/forever/item=13513/flask-of-chromatic-resistance
13511,Flask of Distilled Wisdom,50,60,Common,Flasks,inv_potion_97,Use: Increases the player's maximum Mana by 2000 for 2 hrs. You can only have the effect of one flask at a time. This effect persists through death. (3 Sec Cooldown),"30x Dreamfoil, 10x Icecap, 1x Black Lotus, 1x Crystal Vial",https://www.wowhead.com/forever/item=13511/flask-of-distilled-wisdom
13512,Flask of Supreme Power,50,60,Common,Flasks,inv_potion_41,Use: Increases damage done by magical spells and effects by up to 150 for 2 hrs. You can only have the effect of one flask at a time. This effect persists through death. (3 Sec Cooldown),"30x Dreamfoil, 10x Mountain Silversage, 1x Black Lotus, 1x Crystal Vial",https://www.wowhead.com/forever/item=13512/flask-of-supreme-power
13510,Flask of the Titans,50,60,Common,Flasks,inv_potion_62,Use: Increases the player's maximum health by 1200 for 2 hrs. You can only have the effect of one flask at a time. This effect persists through death. (3 Sec Cooldown),"30x Gromsblood, 10x Stonescale Oil, 1x Black Lotus, 1x Crystal Vial",https://www.wowhead.com/forever/item=13510/flask-of-the-titans
274273,Flask of Natural Accuracy,55,60,Uncommon,Flasks,inv_potionc_5,"Use: Increases your Stamina by 60. While in Mount Hyjal, Hyjal Summit, and the Barrow Deeps, you also gain 5% Hit Chance.","1x Death Lotus, 12x Demonsage, 9x Golden Sansam, 1x Imbued Vial",https://www.wowhead.com/forever/item=274273/flask-of-natural-accuracy
274274,Flask of Natural Aggression,55,60,Uncommon,Flasks,inv_potionc_1,"Use: Increases your Stamina by 60. While in Mount Hyjal, Hyjal Summit, and the Barrow Deeps, you also gain 4% Critical Strike Chance.","1x Death Lotus, 18x Demonsage, 6x Mountain Silversage, 1x Imbued Vial",https://www.wowhead.com/forever/item=274274/flask-of-natural-aggression
274275,Flask of Natural Precision,55,60,Uncommon,Flasks,inv_potionc_3,"Use: Increases your Stamina by 60. While in Mount Hyjal, Hyjal Summit, and the Barrow Deeps, you also gain 5% reduced chance to be dodged or parried.","1x Death Lotus, 12x Marefoil, 9x Dreamfoil, 1x Imbued Vial",https://www.wowhead.com/forever/item=274275/flask-of-natural-precision
274276,Flask of Natural Swiftness,55,60,Uncommon,Flasks,inv_potionc_4,"Use: Increases your Stamina by 60. While in Mount Hyjal, Hyjal Summit, and the Barrow Deeps, you also gain 5% Haste.","1x Death Lotus, 18x Marefoil, 6x Icecap, 1x Imbued Vial",https://www.wowhead.com/forever/item=274276/flask-of-natural-swiftness
3824,Shadow Oil,24,34,Common,Item Enhancements (Temporary),inv_potion_23,Use: When applied to a melee weapon it gives a 15% chance of casting Shadowbolt III at the opponent when it hits.  Lasts 30 minutes.,"4x Fadeleaf, 4x Grave Moss, 1x Leaded Vial",https://www.wowhead.com/forever/item=3824/shadow-oil
3829,Frost Oil,30,40,Common,Item Enhancements (Temporary),inv_potion_20,Use: When applied to a melee weapon it gives a 10% chance of casting Frostbolt at the opponent when it hits.  Lasts 30 minutes.,"4x Khadgar's Whisker, 2x Wintersbite, 1x Leaded Vial",https://www.wowhead.com/forever/item=3829/frost-oil
12360,Arcanite Bar,1,55,Uncommon,Metal & Stone,inv_misc_stonetablet_05,,"1x Thorium Bar, 1x Arcane Crystal",https://www.wowhead.com/forever/item=12360/arcanite-bar
3577,Gold Bar,1,30,Uncommon,Metal & Stone,inv_ingot_03,,1x Gold Ore,https://www.wowhead.com/forever/item=3577/gold-bar
251290,Legionite Bar,1,60,Uncommon,Metal & Stone,inv_blacksmithing_70_demonsteelbar,,"1x Heavy Thorium Bar, 1x Fel Crystal",https://www.wowhead.com/forever/item=251290/legionite-bar
6037,Truesilver Bar,1,50,Uncommon,Metal & Stone,inv_ingot_08,,1x Truesilver Ore,https://www.wowhead.com/forever/item=6037/truesilver-bar
9149,Philosopher's Stone,1,45,Common,Miscellaneous (Armor),inv_misc_orb_01,,"4x Iron Bar, 1x Black Vitriol, 4x Purple Lotus, 4x Firebloom",https://www.wowhead.com/forever/item=9149/philosophers-stone
19931,Gurubashi Mojo Madness,1,1,Rare,Other,inv_poison_mindnumbing,Use: Extinguishes the Brazier of Madness.,"1x Blood of Heroes, 1x Massive Mojo, 6x Powerful Mojo, 1x Black Lotus",https://www.wowhead.com/forever/item=19931/gurubashi-mojo-madness
6370,Blackmouth Oil,1,15,Common,Other (Trade Goods),inv_drink_12,,"2x Oily Blackmouth, 1x Empty Vial",https://www.wowhead.com/forever/item=6370/blackmouth-oil
249409,Cerulean Dye,1,25,Uncommon,Other (Trade Goods),inv_inscription_inkcerulean01,,"2x Frilled Lichen, 1x Empty Vial",https://www.wowhead.com/forever/item=249409/cerulean-dye
6371,Fire Oil,1,25,Common,Other (Trade Goods),inv_potion_38,,"2x Firefin Snapper, 1x Empty Vial",https://www.wowhead.com/forever/item=6371/fire-oil
9210,Ghost Dye,1,49,Common,Other (Trade Goods),inv_poison_mindnumbing,,"2x Ghost Mushroom, 1x Purple Dye, 1x Crystal Vial",https://www.wowhead.com/forever/item=9210/ghost-dye
249430,Magenta Dye,1,45,Uncommon,Other (Trade Goods),inv_inscription_inkpurple02,,"2x Rosecap, 1x Leaded Vial",https://www.wowhead.com/forever/item=249430/magenta-dye
13423,Stonescale Oil,1,50,Common,Other (Trade Goods),inv_potion_68,,"1x Stonescale Eel, 1x Leaded Vial",https://www.wowhead.com/forever/item=13423/stonescale-oil
249410,Sulfuric Acid,1,25,Uncommon,Other (Trade Goods),trade_alchemy,,"2x Pyrite, 1x Empty Vial",https://www.wowhead.com/forever/item=249410/sulfuric-acid
249431,Viridian Dye,1,60,Uncommon,Other (Trade Goods),inv_inscription_inkgreen01,,"2x Stranglevine, 1x Crystal Vial",https://www.wowhead.com/forever/item=249431/viridian-dye
279990,Alchemy Laboratory,1,60,Common,Other Consumables,10prof_portabletable_alchemy01,"Use: Places an Alchemy Laboratory usable for recipes that require it, and provides all of the benefits of a Mana Well. Requires a Campfire nearby.","1x Lich's Index Finger, 1x Crystal Vial, 2x Dreamfoil",https://www.wowhead.com/forever/item=279990/alchemy-laboratory
279970,Fermenter,1,28,Common,Other Consumables,inv_alchemy_90_cauldron,"Use: Places a fermenter that allows the creation of certain reagents, and provides all of the benefits of a Mana Well. Requires a Campfire nearby. May be placed over a Mana Well to replace it. All camping features share a cooldown of 1 hour. (1 Hour Cooldown)","1x Leaded Vial, 1x Kingsblood, 1x Swiftthistle",https://www.wowhead.com/forever/item=279970/fermenter
279956,Mana Well,1,4,Common,Other Consumables,spell_arcane_manatap,"Use: Constructs a mana well that allows you and others sitting nearby to regenerate [10][15][20][24][29] Mana every 5 sec, exclusive with Blessing of Wisdom.","1x Peacebloom, 1x Empty Vial",https://www.wowhead.com/forever/item=279956/mana-well
210708,Elixir of Coalesced Regret,20,25,Common,Other Consumables,inv_potion_19,Use: Allows the imbiber to speak with the corpse of an individual with unfinished business in the mortal world. Also may cure indigestion. (3 Sec Cooldown),"5x Stranglekelp, 1x Leaded Vial, 5x Grave Moss, 1x Soul Dust",https://www.wowhead.com/forever/item=210708/elixir-of-coalesced-regret
8956,Oil of Immolation,31,41,Common,Other Consumables,inv_potion_11,Use: Does 50 fire damage to any enemies within a 5 yard radius around the caster every 3 seconds for 15 sec (3 Sec Cooldown),"1x Firebloom, 1x Goldthorn, 1x Crystal Vial",https://www.wowhead.com/forever/item=8956/oil-of-immolation
9061,Goblin Rocket Fuel,1,42,Common,Parts,inv_cask_02,,"1x Firebloom, 1x Volatile Rum, 1x Leaded Vial",https://www.wowhead.com/forever/item=9061/goblin-rocket-fuel
247239,Lesser Discolored Healing Potion,3,13,Common,Potions,inv_potion_36,"Use: Restores 320 health instantly, however you also suffer 75% of that amount over time.","1x Empty Vial, 1x Briarthorn, 1x Murloc Eye",https://www.wowhead.com/forever/item=247239/lesser-discolored-healing-potion
5631,Rage Potion,4,14,Common,Potions,inv_potion_24,Use: Increases Rage by 20 to 40. (2 Min Cooldown),"1x Sharp Claw, 1x Briarthorn, 1x Empty Vial",https://www.wowhead.com/forever/item=5631/rage-potion
4596,Minor Discolored Healing Potion,5,15,Common,Potions,inv_potion_35,"Use: Restores 160 health instantly, however you also suffer 75% of that amount over time.","1x Empty Vial, 1x Peacebloom, 1x Murloc Eye",https://www.wowhead.com/forever/item=4596/minor-discolored-healing-potion
250938,Minor Frenzy Potion,5,25,Common,Potions,trade_alchemy_dpotion_d12,Use: Increases your Attack Power by 6 for 30 sec.,"1x Earthroot, 1x Silverleaf, 1x Empty Vial",https://www.wowhead.com/forever/item=250938/minor-frenzy-potion
2455,Minor Mana Potion,5,15,Common,Potions,inv_potion_70,Use: Restores 160 mana. (2 Min Cooldown),"1x Mageroyal, 1x Peacebloom, 1x Empty Vial",https://www.wowhead.com/forever/item=2455/minor-mana-potion
250944,Minor Mender's Potion,5,55,Common,Potions,trade_alchemy_dpotion_d13,Use: Increases your healing done by up to 8 for 30 sec.,"2x Mageroyal, 1x Bruiseweed, 1x Empty Vial",https://www.wowhead.com/forever/item=250944/minor-menders-potion
2456,Minor Rejuvenation Potion,5,15,Common,Potions,inv_potion_02,Use: Restores 120 mana and 120 health. (2 Min Cooldown),"2x Mageroyal, 1x Peacebloom, 1x Empty Vial",https://www.wowhead.com/forever/item=2456/minor-rejuvenation-potion
250932,Minor Spellblasting Potion,5,45,Common,Potions,trade_alchemy_dpotion_d14,Use: Increases your Spell Damage by 6 for 30 sec.,"1x Silverleaf, 1x Peacebloom, 1x Empty Vial",https://www.wowhead.com/forever/item=250932/minor-spellblasting-potion
2459,Swiftness Potion,5,15,Common,Potions,inv_potion_95,Use: Increases run speed by 50% for 15 sec. (2 Min Cooldown),"1x Swiftthistle, 1x Briarthorn, 1x Empty Vial",https://www.wowhead.com/forever/item=2459/swiftness-potion
6051,Holy Protection Potion,10,20,Common,Potions,inv_potion_09,Use: Absorbs 400 holy damage.  Lasts 2 min. (2 Min Cooldown),"1x Bruiseweed, 1x Swiftthistle, 1x Empty Vial",https://www.wowhead.com/forever/item=6051/holy-protection-potion
6372,Swim Speed Potion,10,20,Common,Potions,inv_potion_13,Use: Increases swim speed by 100% for 20 sec. (2 Min Cooldown),"1x Swiftthistle, 1x Blackmouth Oil, 1x Empty Vial",https://www.wowhead.com/forever/item=6372/swim-speed-potion
247240,Discolored Healing Potion,12,22,Common,Potions,inv_potion_37,"Use: Restores 640 health instantly, however you also suffer 75% of that amount over time.","1x Leaded Vial, 1x Bruiseweed, 1x Murloc Eye",https://www.wowhead.com/forever/item=247240/discolored-healing-potion
3384,Minor Magic Resistance Potion,12,22,Common,Potions,inv_potion_08,Use: Increases your resistance to all schools of magic by 25 for 3 min. (2 Min Cooldown),"3x Mageroyal, 1x Wild Steelbloom, 1x Empty Vial",https://www.wowhead.com/forever/item=3384/minor-magic-resistance-potion
3385,Lesser Mana Potion,14,24,Common,Potions,inv_potion_71,Use: Restores 320 mana. (2 Min Cooldown),"1x Mageroyal, 1x Stranglekelp, 1x Empty Vial",https://www.wowhead.com/forever/item=3385/lesser-mana-potion
3386,Potion of Poison Cleansing,14,55,Common,Potions,inv_potion_12,Use: Imbiber is cured of up to four poisons up to level 60. (3 Sec Cooldown),"1x Large Venom Sac, 1x Bruiseweed, 1x Leaded Vial",https://www.wowhead.com/forever/item=3386/potion-of-poison-cleansing
250939,Lesser Frenzy Potion,15,45,Common,Potions,inv_misc_potionsetf,Use: Increases your Attack Power by 9 for 30 sec.,"1x Briarthorn, 2x Earthroot, 1x Empty Vial",https://www.wowhead.com/forever/item=250939/lesser-frenzy-potion
250945,Lesser Mender's Potion,15,55,Common,Potions,inv_misc_potionsete,Use: Increases your healing done by up to 14 for 30 sec.,"2x Kingsblood, 2x Liferoot, 1x Leaded Vial",https://www.wowhead.com/forever/item=250945/lesser-menders-potion
250933,Lesser Spellblasting Potion,15,5,Common,Potions,inv_misc_potionsetc,Use: Increases your Spell Damage by 9 for 30 sec.,"1x Mageroyal, 2x Silverleaf, 1x Empty Vial",https://www.wowhead.com/forever/item=250933/lesser-spellblasting-potion
6048,Shadow Protection Potion,17,27,Common,Potions,inv_potion_44,Use: Absorbs 900 shadow damage.  Lasts 2 min. (2 Min Cooldown),"1x Grave Moss, 1x Kingsblood, 1x Leaded Vial",https://www.wowhead.com/forever/item=6048/shadow-protection-potion
5634,Free Action Potion,20,30,Common,Potions,inv_potion_04,Use: Makes you immune to Stun and Movement Impairing effects for the next 30 sec.   Does not remove effects already on the imbiber. (2 Min Cooldown),"2x Blackmouth Oil, 1x Stranglekelp, 1x Leaded Vial",https://www.wowhead.com/forever/item=5634/free-action-potion
247241,Greater Discolored Healing Potion,21,31,Common,Potions,inv_potion_38,"Use: Restores 1040 health instantly, however you also suffer 75% of that amount over time.","1x Leaded Vial, 1x Kingsblood, 1x Murloc Eye",https://www.wowhead.com/forever/item=247241/greater-discolored-healing-potion
3827,Mana Potion,22,32,Common,Potions,inv_potion_72,Use: Restores 520 mana. (2 Min Cooldown),"1x Stranglekelp, 1x Kingsblood, 1x Leaded Vial",https://www.wowhead.com/forever/item=3827/mana-potion
6049,Fire Protection Potion,23,33,Common,Potions,inv_potion_16,Use: Absorbs 1300 fire damage.  Lasts 2 min. (2 Min Cooldown),"1x Small Flame Sac, 1x Fire Oil, 1x Leaded Vial",https://www.wowhead.com/forever/item=6049/fire-protection-potion
3823,Lesser Invisibility Potion,23,33,Common,Potions,inv_potion_18,Use: Gives the imbiber lesser invisibility for 15 sec. (10 Min Cooldown),"1x Fadeleaf, 1x Wild Steelbloom, 1x Leaded Vial",https://www.wowhead.com/forever/item=3823/lesser-invisibility-potion
250940,Frenzy Potion,25,55,Common,Potions,inv_potiond_3,Use: Increases your Attack Power by 14 for 30 sec.,"2x Fadeleaf, 2x Briarthorn, 1x Leaded Vial",https://www.wowhead.com/forever/item=250940/frenzy-potion
5633,Great Rage Potion,25,35,Common,Potions,inv_potion_21,Use: Increases Rage by 30 to 60. (2 Min Cooldown),"1x Large Fang, 1x Kingsblood, 1x Leaded Vial",https://www.wowhead.com/forever/item=5633/great-rage-potion
250946,Mender's Potion,25,5,Common,Potions,inv_potiond_6,Use: Increases your healing done by up to 28 for 30 sec.,"2x Wintersbite, 2x Firebloom, 1x Leaded Vial",https://www.wowhead.com/forever/item=250946/menders-potion
250934,Spellblasting Potion,25,5,Common,Potions,inv_potiond_2,Use: Increases your Spell Damage by 14 for 30 sec.,"1x Wild Steelbloom, 1x Grave Moss, 1x Empty Vial",https://www.wowhead.com/forever/item=250934/spellblasting-potion
6050,Frost Protection Potion,28,38,Common,Potions,inv_potion_13,Use: Absorbs 1800 frost damage.  Lasts 2 min. (2 Min Cooldown),"1x Wintersbite, 1x Goldthorn, 1x Leaded Vial",https://www.wowhead.com/forever/item=6050/frost-protection-potion
6052,Nature Protection Potion,28,38,Common,Potions,inv_potion_06,Use: Absorbs 1800 nature damage.  Lasts 2 min. (2 Min Cooldown),"1x Liferoot, 1x Stranglekelp, 1x Leaded Vial",https://www.wowhead.com/forever/item=6052/nature-protection-potion
250950,Potion of Venomous Blood,30,55,Common,Potions,inv_potion_19,"Use: Gain 10 doses of Venomous Blood. Whenever you suffer Bleed damage, one dose is spread to a nearby enemy within 8 yds. Lasts up to 20 sec.","3x Gromsblood, 2x Plaguebloom, 1x Crystal Vial",https://www.wowhead.com/forever/item=250950/potion-of-venomous-blood
6149,Greater Mana Potion,31,41,Common,Potions,inv_potion_73,Use: Restores 800 mana. (2 Min Cooldown),"1x Khadgar's Whisker, 1x Goldthorn, 1x Leaded Vial",https://www.wowhead.com/forever/item=6149/greater-mana-potion
9036,Magic Resistance Potion,32,42,Common,Potions,inv_potion_120,Use: Increases your resistance to all schools of magic by 50 for 3 min. (2 Min Cooldown),"1x Khadgar's Whisker, 1x Purple Lotus, 1x Crystal Vial",https://www.wowhead.com/forever/item=9036/magic-resistance-potion
9030,Restorative Potion,32,42,Common,Potions,inv_potion_01,"Use: Removes 1 magic, curse, poison or disease effect on you every 5 seconds for 30 seconds. (2 Min Cooldown)","1x Elemental Earth, 1x Goldthorn, 1x Crystal Vial",https://www.wowhead.com/forever/item=9030/restorative-potion
4623,Lesser Stoneshield Potion,33,43,Common,Potions,inv_potion_67,Use: Increases armor by 1000 for 1.5 min. (2 Min Cooldown),"1x Mithril Ore, 1x Goldthorn, 1x Leaded Vial",https://www.wowhead.com/forever/item=4623/lesser-stoneshield-potion
250953,Dragonfire Potion,35,45,Common,Potions,inv_potion_33,"Use: Unleash a belch of dragonfire, dealing 450 Fire damage instantly in a narrow cone in front of you. Affected targets will suffer 125 additional damage every 2 sec for 8 sec.","2x Mountain Silversage, 2x Firebloom, 1x Crystal Vial",https://www.wowhead.com/forever/item=250953/dragonfire-potion
12190,Dreamless Sleep Potion,35,45,Common,Potions,inv_potion_83,Use: Puts the imbiber in a dreamless sleep for 12 sec.  During that time the imbiber heals 1200 health and 1200 mana. (2 Min Cooldown),"3x Purple Lotus, 1x Crystal Vial",https://www.wowhead.com/forever/item=12190/dreamless-sleep-potion
250941,Greater Frenzy Potion,35,45,Common,Potions,inv_potionf_1,Use: Increases your Attack Power by 20 for 30 sec.,"3x Firebloom, 2x Fadeleaf, 1x Leaded Vial",https://www.wowhead.com/forever/item=250941/greater-frenzy-potion
250947,Greater Mender's Potion,35,25,Common,Potions,inv_potionf_3,Use: Increases your healing done by up to 38 for 30 sec.,"2x Arthas' Tears, 1x Purple Lotus, 1x Crystal Vial",https://www.wowhead.com/forever/item=250947/greater-menders-potion
250935,Greater Spellblasting Potion,35,55,Common,Potions,inv_potionf_4,Use: Increases your Spell Damage by 20 for 30 sec.,"2x Kingsblood, 1x Fadeleaf, 1x Leaded Vial",https://www.wowhead.com/forever/item=250935/greater-spellblasting-potion
247242,Superior Discolored Healing Potion,35,45,Common,Potions,inv_potion_39,"Use: Restores 1600 health instantly, however you also suffer 75% of that amount over time.","1x Crystal Vial, 1x Sungrass, 1x Murloc Eye",https://www.wowhead.com/forever/item=247242/superior-discolored-healing-potion
9144,Wildvine Potion,35,45,Common,Potions,inv_potion_34,Use: Restores 750 health and 750 mana. (2 Min Cooldown),"1x Wildvine, 1x Purple Lotus, 1x Crystal Vial",https://www.wowhead.com/forever/item=9144/wildvine-potion
9172,Invisibility Potion,37,47,Common,Potions,inv_potion_25,Use: Gives the imbiber invisibility for 18 sec. (10 Min Cooldown),"1x Ghost Mushroom, 1x Sungrass, 1x Crystal Vial",https://www.wowhead.com/forever/item=9172/invisibility-potion
250955,Potion of Beast Culling,40,55,Common,Potions,inv_alchemy_80_potion02yellow,Use: Increases Spell Damage by 108 and Attack Power by 185 against Beasts.  Lasts 2 min.,"2x Gromsblood, 2x Plaguebloom, 1x Imbued Vial",https://www.wowhead.com/forever/item=250955/potion-of-beast-culling
250954,Potion of Elemental Siphoning,40,55,Common,Potions,inv_alchemy_80_potion02blue,Use: Increases Spell Damage by 265 against Elementals.  Lasts 2 min.,"2x Firebloom, 2x Wintersbite, 1x Crystal Vial",https://www.wowhead.com/forever/item=250954/potion-of-elemental-siphoning
13443,Superior Mana Potion,41,51,Common,Potions,inv_potion_74,Use: Restores 1200 mana. (2 Min Cooldown),"2x Sungrass, 2x Blindweed, 1x Crystal Vial",https://www.wowhead.com/forever/item=13443/superior-mana-potion
250951,Caustic Smog Potion,45,5,Common,Potions,trade_alchemy_dpotion_c26,"Use: Throw a fragile concoction at the target area, revealing a cloud of Caustic Smog for 12 sec. Enemies standing within the cloud suffer 300 Nature damage every 1 sec.","2x Ghost Mushroom, 2x Grave Moss, 1x Crystal Vial",https://www.wowhead.com/forever/item=250951/caustic-smog-potion
250952,Disorienting Smog Potion,45,25,Common,Potions,trade_alchemy_dpotion_c24,"Use: Throw a fragile concoction at the target area, revealing a cloud of Disorienting Smog for 8 sec. Enemies standing within the cloud have their Hit Chance reduced by 10%. Ineffective against targets above level 10.","3x Ghost Mushroom, 2x Grave Moss, 1x Crystal Vial",https://www.wowhead.com/forever/item=250952/disorienting-smog-potion
3387,Limited Invulnerability Potion,45,50,Common,Potions,inv_potion_62,Use: Imbiber is immune to physical attacks for the next 6 sec. (2 Min Cooldown),"2x Blindweed, 1x Ghost Mushroom, 1x Crystal Vial",https://www.wowhead.com/forever/item=3387/limited-invulnerability-potion
250942,Superior Frenzy Potion,45,55,Common,Potions,inv_misc_potiona6,Use: Increases your Attack Power by 28 for 30 sec.,"3x Blindweed, 2x Firebloom, 1x Crystal Vial",https://www.wowhead.com/forever/item=250942/superior-frenzy-potion
250948,Superior Mender's Potion,45,55,Common,Potions,inv_misc_potiona3,Use: Increases your healing done by up to 50 for 30 sec.,"2x Sungrass, 1x Arthas' Tears, 1x Crystal Vial",https://www.wowhead.com/forever/item=250948/superior-menders-potion
250936,Superior Spellblasting Potion,45,55,Common,Potions,inv_misc_potiona2,Use: Increases your Spell Damage by 28 for 30 sec.,"2x Wintersbite, 2x Khadgar's Whisker, 1x Leaded Vial",https://www.wowhead.com/forever/item=250936/superior-spellblasting-potion
13455,Greater Stoneshield Potion,46,56,Common,Potions,inv_potion_69,Use: Increases armor by 2000 for 2 min. (2 Min Cooldown),"3x Stonescale Oil, 1x Thorium Ore, 1x Crystal Vial",https://www.wowhead.com/forever/item=13455/greater-stoneshield-potion
13442,Mighty Rage Potion,46,51,Common,Potions,inv_potion_41,Use: Increases Rage by 60 and increases Strength by 60 for 20 sec. (2 Min Cooldown),"3x Gromsblood, 1x Crystal Vial",https://www.wowhead.com/forever/item=13442/mighty-rage-potion
20008,Living Action Potion,47,57,Common,Potions,inv_potion_07,Use: Makes you immune to Stun and Movement Impairing effects for the next 5 sec.  Also removes existing Stun and Movement Impairing effects. (2 Min Cooldown),"2x Icecap, 2x Mountain Silversage, 2x Heart of the Wild, 1x Crystal Vial",https://www.wowhead.com/forever/item=20008/living-action-potion
13462,Purification Potion,47,57,Common,Potions,inv_potion_31,"Use: Attempts to remove one Curse or Bane, one Disease and one Poison from the Imbiber. (2 Min Cooldown)","2x Icecap, 2x Plaguebloom, 1x Crystal Vial",https://www.wowhead.com/forever/item=13462/purification-potion
13461,Greater Arcane Protection Potion,48,58,Common,Potions,inv_potion_83,Use: Absorbs 2600 arcane damage.  Lasts 2 min. (2 Min Cooldown),"1x Dream Dust, 1x Dreamfoil, 1x Crystal Vial",https://www.wowhead.com/forever/item=13461/greater-arcane-protection-potion
13457,Greater Fire Protection Potion,48,58,Common,Potions,inv_potion_24,Use: Absorbs 2600 fire damage.  Lasts 2 min. (2 Min Cooldown),"1x Elemental Fire, 1x Dreamfoil, 1x Crystal Vial",https://www.wowhead.com/forever/item=13457/greater-fire-protection-potion
13456,Greater Frost Protection Potion,48,58,Common,Potions,inv_potion_20,Use: Absorbs 2600 frost damage.  Lasts 2 min. (2 Min Cooldown),"1x Elemental Water, 1x Dreamfoil, 1x Crystal Vial",https://www.wowhead.com/forever/item=13456/greater-frost-protection-potion
13458,Greater Nature Protection Potion,48,58,Common,Potions,inv_potion_22,Use: Absorbs 2600 nature damage.  Lasts 2 min. (2 Min Cooldown),"1x Elemental Earth, 1x Dreamfoil, 1x Crystal Vial",https://www.wowhead.com/forever/item=13458/greater-nature-protection-potion
13459,Greater Shadow Protection Potion,48,58,Common,Potions,inv_potion_23,Use: Absorbs 2600 shadow damage.  Lasts 2 min. (2 Min Cooldown),"1x Shadow Oil, 1x Dreamfoil, 1x Crystal Vial",https://www.wowhead.com/forever/item=13459/greater-shadow-protection-potion
13444,Major Mana Potion,49,59,Common,Potions,inv_potion_76,Use: Restores 1800 mana. (2 Min Cooldown),"3x Dreamfoil, 2x Icecap, 1x Crystal Vial",https://www.wowhead.com/forever/item=13444/major-mana-potion
13506,Flask of Petrification,50,60,Common,Potions,inv_potion_26,"Use: You turn to stone, protecting you from all physical attacks and spells for 1 min, but during that time you cannot attack, move or cast spells. You can only have the effect of one flask at a time. (3 Sec Cooldown)","30x Stonescale Oil, 10x Mountain Silversage, 1x Black Lotus, 1x Crystal Vial",https://www.wowhead.com/forever/item=13506/flask-of-petrification
18253,Major Rejuvenation Potion,50,60,Common,Potions,inv_potion_47,Use: Restores 1600 mana and health. (2 Min Cooldown),"1x Heart of the Wild, 4x Golden Sansam, 4x Dreamfoil, 1x Imbued Vial",https://www.wowhead.com/forever/item=18253/major-rejuvenation-potion
20002,Greater Dreamless Sleep Potion,55,60,Common,Potions,inv_potion_83,Use: Puts the imbiber in a dreamless sleep for 12 sec.  During that time the imbiber heals 2100 health and 2100 mana. (2 Min Cooldown),"2x Dreamfoil, 1x Golden Sansam, 1x Crystal Vial",https://www.wowhead.com/forever/item=20002/greater-dreamless-sleep-potion
250943,Major Frenzy Potion,55,55,Common,Potions,inv_potione_6,Use: Increases your Attack Power by 40 for 30 sec.,"3x Plaguebloom, 2x Blindweed, 1x Imbued Vial",https://www.wowhead.com/forever/item=250943/major-frenzy-potion
250949,Major Mender's Potion,55,25,Common,Potions,inv_potione_2,Use: Increases your healing done by up to 75 for 30 sec.,"3x Dreamfoil, 1x Sungrass, 1x Imbued Vial",https://www.wowhead.com/forever/item=250949/major-menders-potion
250937,Major Spellblasting Potion,55,5,Common,Potions,inv_potione_4,Use: Increases your Spell Damage by 40 for 30 sec.,"2x Dreamfoil, 1x Mountain Silversage, 1x Imbued Vial",https://www.wowhead.com/forever/item=250937/major-spellblasting-potion
241650,Major Discolored Healing Potion,60,70,Common,Potions,inv_potion_40,"Use: Restores 2800 health instantly, however you also suffer 75% of that amount over time.","1x Crystal Vial, 1x Plaguebloom, 1x Murloc Eye",https://www.wowhead.com/forever/item=241650/major-discolored-healing-potion
